Player,Span,Mat,Inns,NO,Runs,HS,HS-N/O?,Ave,Hundreds,Fifties,Ducks,Batting Style,Player Role
SR Tendulkar (INDIA),1989-2013,200,329,33,15921,248,Yes,53.78,51,68,14,R,top-order batsman
RT Ponting (AUS),1995-2012,168,287,29,13378,257,No,51.85,41,62,17,R,top-order batsman
JH Kallis (ICC/SA),1995-2013,166,280,40,13289,224,No,55.37,45,58,16,R,allrounder
R Dravid (ICC/INDIA),1996-2012,164,286,32,13288,270,No,52.31,36,63,8,R,top-order batsman
AN Cook (ENG),2006-2018,161,291,16,12472,294,No,45.35,33,57,9,L,opening batsman
KC Sangakkara (SL),2000-2015,134,233,17,12400,319,No,57.40,38,52,11,L,wicketkeeper batsman
BC Lara (ICC/WI),1990-2006,131,232,6,11953,400,Yes,52.88,34,48,17,L,batsman
S Chanderpaul (WI),1994-2015,164,280,49,11867,203,Yes,51.37,30,66,15,L,batsman
DPMD Jayawardene (SL),1997-2014,149,252,15,11814,374,No,49.84,34,50,15,R,batsman
SR Waugh (AUS),1986-2004,167,258,46,10909,200,No,51.45,32,50,22,R,middle-order batsman
Younis Khan (PAK),2000-2017,118,213,19,10099,313,No,52.05,34,33,19,R,middle-order batsman
HM Amla (SA),2004-2019,124,215,16,9282,311,Yes,46.64,28,41,13,R,top-order batsman
GC Smith (ICC/SA),2002-2014,117,205,13,9265,277,No,48.25,27,38,11,L,opening batsman
Inzamam-ul-Haq (ICC/PAK),1992-2007,120,200,22,8830,329,No,49.60,25,46,15,R,batsman
VVS Laxman (INDIA),1996-2012,134,225,34,8781,281,No,45.97,17,56,14,R,top-order batsman
AB de Villiers (SA),2004-2018,114,191,18,8765,278,Yes,50.66,22,46,8,R,wicketkeeper batsman
MJ Clarke (AUS),2004-2015,115,198,22,8643,329,Yes,49.10,28,27,9,R,middle-order batsman
ML Hayden (AUS),1994-2009,103,184,14,8625,380,No,50.73,30,29,14,L,opening batsman
V Sehwag (ICC/INDIA),2001-2013,104,180,6,8586,319,No,49.34,23,32,16,R,top-order batsman
AJ Stewart (ENG),1990-2003,133,235,21,8463,190,No,39.54,15,45,14,R,wicketkeeper batsman
KP Pietersen (ENG),2005-2014,104,181,8,8181,227,No,47.28,23,35,10,R,top-order batsman
ME Waugh (AUS),1991-2002,128,209,17,8029,153,Yes,41.81,20,47,19,R,allrounder
JE Root (ENG),2012-2020,95,175,13,7785,254,No,48.05,17,49,8,R,top-order batsman
MA Atherton (ENG),1989-2001,115,212,7,7728,185,Yes,37.69,16,46,20,R,opening batsman
IR Bell (ENG),2004-2015,118,205,24,7727,235,No,42.69,22,46,14,R,top-order batsman
JL Langer (AUS),1993-2007,105,182,12,7696,250,No,45.27,23,30,11,L,opening batsman
Mohammad Yousuf (PAK),1998-2010,90,156,12,7530,223,No,52.29,24,33,11,R,batsman
MA Taylor (AUS),1989-1999,104,186,13,7525,334,Yes,43.49,19,40,5,L,opening batsman
G Kirsten (SA),1993-2004,101,176,15,7289,275,No,45.27,21,34,13,L,
DA Warner (AUS),2011-2020,84,155,7,7244,335,Yes,48.94,24,30,9,L,opening batsman
V Kohli (INDIA),2011-2020,86,145,10,7240,254,Yes,53.62,27,22,10,R,top-order batsman
LRPL Taylor (NZ),2007-2020,101,178,21,7238,290,No,46.10,19,33,14,R,middle-order batsman
SPD Smith (AUS),2010-2020,73,131,16,7227,239,No,62.84,26,29,4,R,middle-order batsman
CH Gayle (WI),2000-2014,103,182,11,7214,333,No,42.18,15,37,15,L,allrounder
SC Ganguly (INDIA),1996-2008,113,188,17,7212,239,No,42.17,16,35,13,L,batsman
SP Fleming (NZ),1994-2008,111,189,10,7172,274,Yes,40.06,9,46,16,L,top-order batsman
AJ Strauss (ENG),2004-2012,100,178,6,7037,177,No,40.91,21,27,15,L,opening batsman
ST Jayasuriya (SL),1991-2007,110,188,14,6973,340,No,40.07,14,31,15,L,allrounder
DC Boon (AUS),1986-1996,95,168,19,6824,200,No,45.79,20,28,15,R,top-order batsman
GP Thorpe (ENG),1993-2005,100,179,28,6744,200,Yes,44.66,16,39,12,L,
KS Williamson (NZ),2010-2020,80,140,13,6476,242,Yes,50.99,21,32,9,R,top-order batsman
BB McCullum (NZ),2004-2016,101,176,9,6453,302,No,38.64,12,31,14,R,wicketkeeper batsman
MEK Hussey (AUS),2005-2013,79,137,16,6235,195,No,51.52,19,29,12,L,middle-order batsman
HH Gibbs (SA),1996-2008,90,154,7,6167,228,No,41.95,14,26,11,R,
AD Mathews (SL),2009-2020,86,154,22,5981,200,Yes,45.31,10,35,2,R,allrounder
Azhar Ali (PAK),2010-2020,79,149,8,5937,302,Yes,42.10,16,31,15,R,top-order batsman
PA de Silva (SL),1986-2002,86,146,10,5924,267,No,43.55,18,21,7,R,
GA Gooch (ENG),1986-1995,70,131,2,5873,333,No,45.52,15,29,8,R,top-order batsman
RR Sarwan (WI),2000-2011,87,154,8,5842,291,No,40.01,15,31,12,R,batsman
CA Pujara (INDIA),2010-2020,77,128,8,5840,206,Yes,48.66,18,25,7,R,top-order batsman
ME Trescothick (ENG),2000-2006,76,143,10,5825,219,No,43.79,14,29,12,L,opening batsman
N Hussain (ENG),1990-2004,96,171,16,5764,207,No,37.18,14,33,14,R,top-order batsman
CL Hooper (WI),1987-2002,102,173,15,5762,233,No,36.46,13,27,13,R,
MP Vaughan (ENG),1999-2008,82,147,9,5719,197,No,41.44,18,18,9,R,
M Azharuddin (INDIA),1986-2000,91,134,8,5610,199,No,44.52,19,20,4,R,middle-order batsman
AC Gilchrist (AUS),1999-2008,96,137,20,5570,204,Yes,47.60,17,26,14,L,wicketkeeper batsman
MV Boucher (ICC/SA),1997-2012,147,206,24,5515,125,No,30.30,5,35,17,R,wicketkeeper batsman
MS Atapattu (SL),1990-2007,90,156,15,5502,249,No,39.02,16,17,22,R,batsman
TM Dilshan (SL),1999-2013,87,145,11,5492,193,No,40.98,16,23,14,R,allrounder
TT Samaraweera (SL),2001-2013,81,132,20,5462,231,No,48.76,14,30,11,R,batsman
AR Border (AUS),1986-1994,79,129,21,5340,205,No,49.44,11,33,7,L,middle-order batsman
MJ Slater (AUS),1993-2001,74,131,7,5312,219,No,42.83,14,21,9,R,opening batsman
Misbah-ul-Haq (PAK),2001-2017,75,132,20,5222,161,Yes,46.62,10,39,9,R,middle-order batsman
RB Richardson (WI),1986-1995,71,124,11,4982,194,No,44.08,12,24,5,R,batsman
MS Dhoni (INDIA),2005-2014,90,144,16,4876,224,No,38.09,6,33,10,R,wicketkeeper batsman
A Flower (ZIM),1992-2002,63,112,19,4794,232,Yes,51.54,12,27,5,L,
NJ Astle (NZ),1996-2006,81,137,10,4702,222,No,37.02,11,24,11,R,opening batsman
Asad Shafiq (PAK),2010-2020,75,125,6,4629,137,No,38.89,12,27,13,R,middle-order batsman
DJ Cullinan (SA),1993-2001,70,115,12,4554,275,Yes,44.21,14,20,10,R,
HP Tillakaratne (SL),1989-2004,83,131,25,4545,204,Yes,42.87,11,20,9,L,batsman
DL Vettori (ICC/NZ),1997-2014,113,174,23,4531,140,No,30.00,6,23,20,L,allrounder
FDM Karunaratne (SL),2012-2020,66,128,5,4524,196,No,36.78,9,24,12,L,opening batsman
Saleem Malik (PAK),1986-1999,76,118,16,4500,237,No,44.11,10,23,9,R,batsman
BA Stokes (ENG),2013-2020,67,122,5,4428,258,No,37.84,10,22,13,L,allrounder
Mushfiqur Rahim (BDESH),2005-2020,70,130,10,4413,219,Yes,36.77,7,21,11,R,wicketkeeper batsman
DR Martyn (AUS),1992-2006,67,109,14,4406,165,No,46.37,13,23,7,R,top-order batsman
Tamim Iqbal (BDESH),2008-2020,60,115,1,4405,206,No,38.64,9,27,8,L,opening batsman
IA Healy (AUS),1988-1999,119,182,23,4356,161,Yes,27.39,4,22,18,R,wicketkeeper batsman
MA Butcher (ENG),1997-2004,71,131,7,4288,173,Yes,34.58,8,23,10,L,
PD Collingwood (ENG),2003-2011,68,115,10,4259,206,No,40.56,10,20,6,R,allrounder
DL Haynes (WI),1986-1994,62,114,18,4253,167,No,44.30,11,19,6,R,
RA Smith (ENG),1988-1996,62,112,15,4236,175,No,43.67,9,28,8,R,
A Ranatunga (SL),1986-2000,78,127,11,4230,135,Yes,36.46,3,32,9,L,batsman
AM Rahane (INDIA),2013-2020,65,109,11,4203,188,No,42.88,11,22,6,R,top-order batsman
SM Katich (AUS),2001-2010,56,99,6,4188,157,No,45.03,10,25,4,L,batsman
G Gambhir (INDIA),2004-2016,58,104,5,4154,206,No,41.95,9,22,7,L,top-order batsman
MJ Prior (ENG),2007-2014,79,123,21,4099,131,Yes,40.18,7,28,13,R,wicketkeeper batsman
Saeed Anwar (PAK),1990-2001,55,91,2,4052,188,Yes,45.52,11,25,8,L,opening batsman
JM Bairstow (ENG),2012-2019,70,123,7,4030,167,Yes,34.74,6,21,10,R,wicketkeeper batsman
MD Crowe (NZ),1986-1995,51,88,9,4022,299,No,50.91,14,13,4,R,middle-order batsman
M Vijay (INDIA),2008-2018,61,105,1,3982,167,No,38.28,12,15,8,R,opening batsman
MN Samuels (WI),2000-2016,71,127,7,3917,260,No,32.64,7,24,14,R,top-order batsman
F du Plessis (SA),2012-2020,65,112,14,3901,137,No,39.80,9,21,9,R,middle-order batsman
D Elgar (SA),2012-2020,63,110,9,3888,199,No,38.49,12,14,10,L,opening batsman
LD Chandimal (SL),2011-2020,57,103,8,3877,164,No,40.81,11,18,4,R,wicketkeeper batsman
Shakib Al Hasan (BDESH),2007-2019,56,105,7,3862,217,No,39.40,5,24,4,L,allrounder
A Flintoff (ENG/ICC),1998-2009,79,130,9,3845,167,No,31.77,5,26,17,R,allrounder
IJL Trott (ENG),2009-2015,52,93,6,3835,226,No,44.08,9,19,8,R,top-order batsman
SM Pollock (SA),1995-2008,108,156,39,3781,111,No,32.31,2,16,9,R,allrounder
SR Watson (AUS),2005-2015,59,109,3,3731,176,No,35.19,4,24,6,R,allrounder
TWM Latham (NZ),2014-2020,52,92,4,3726,264,Yes,42.34,11,18,8,L,wicketkeeper batsman
WJ Cronje (SA),1992-2000,68,111,9,3714,135,No,36.41,6,23,11,R,
KC Brathwaite (WI),2011-2020,62,118,7,3672,212,No,33.08,8,19,12,R,opening batsman
AG Prince (SA),2002-2011,66,104,16,3665,162,Yes,41.64,11,11,7,L,
BJ Watling (NZ),2009-2020,70,110,15,3658,205,No,38.50,8,18,10,R,wicketkeeper batsman
Mohammad Hafeez (PAK),2003-2018,55,105,8,3652,224,No,37.64,10,12,8,R,allrounder
DM Jones (AUS),1986-1992,50,85,11,3566,216,No,48.18,11,14,11,R,top-order batsman
DM Bravo (WI),2010-2019,54,98,5,3506,218,No,37.69,8,17,5,L,top-order batsman
Javed Miandad (PAK),1986-1993,53,78,4,3482,271,No,47.05,9,15,3,R,batsman
GW Flower (ZIM),1992-2004,67,123,6,3457,201,Yes,29.54,6,15,16,R,
GA Hick (ENG),1991-2001,65,114,6,3383,178,No,31.32,6,18,11,R,middle-order batsman
SCJ Broad (ENG),2007-2020,141,207,33,3320,169,No,19.08,1,13,35,L,bowler
CL Cairns (NZ),1989-2004,62,104,5,3320,158,No,33.53,5,22,7,R,allrounder
Ijaz Ahmed (PAK),1987-2001,60,92,4,3315,211,No,37.67,12,12,7,R,batsman
BJ Haddin (AUS),2008-2015,66,112,13,3266,169,No,32.98,4,18,8,R,wicketkeeper batsman
ND McKenzie (SA),2000-2009,58,94,7,3253,226,No,37.39,5,16,9,R,
NS Sidhu (INDIA),1988-1999,49,75,2,3163,201,No,43.32,9,15,9,R,opening batsman
SK Warne (AUS),1992-2007,145,199,17,3154,99,No,17.32,0,12,34,R,bowler
CD McMillan (NZ),1997-2005,55,91,10,3116,142,No,38.46,6,19,7,R,batsman
WPUJC Vaas (SL),1994-2009,111,162,35,3089,100,Yes,24.32,1,13,12,L,bowler
Habibul Bashar (BDESH),2000-2008,50,99,1,3026,113,No,30.87,3,24,7,R,top-order batsman
JG Wright (NZ),1986-1993,38,72,5,3019,185,No,45.05,8,14,4,L,opening batsman
JC Adams (WI),1992-2001,54,90,17,3012,208,Yes,41.26,6,14,7,L,allrounder
BKG Mendis (SL),2015-2020,44,85,4,2995,196,No,36.97,7,11,7,R,wicketkeeper batsman
Taufeeq Umar (PAK),2001-2014,44,83,5,2963,236,No,37.98,7,14,6,L,batsman
Q de Kock (SA),2014-2020,47,80,5,2934,129,Yes,39.12,5,21,5,L,wicketkeeper batsman
AH Jones (NZ),1987-1995,39,74,8,2922,186,No,44.27,7,11,2,R,top-order batsman
D Ramdin (WI),2005-2016,74,126,14,2898,166,No,25.87,4,15,9,R,wicketkeeper batsman
UT Khawaja (AUS),2011-2019,44,77,6,2887,174,No,40.66,8,14,4,L,top-order batsman
SL Campbell (WI),1995-2002,52,93,4,2882,208,No,32.38,4,18,7,R,
Wasim Akram (PAK),1986-2002,99,141,15,2880,257,Yes,22.85,3,7,16,L,bowler
AC Parore (NZ),1990-2002,78,128,19,2865,110,No,26.28,2,14,6,R,
Mominul Haque (BDESH),2013-2020,40,74,4,2860,181,No,40.85,9,13,8,L,middle-order batsman
ADR Campbell (ZIM),1992-2002,60,109,4,2858,103,No,27.21,2,18,10,L,
DI Gower (ENG),1986-1992,41,75,7,2846,157,Yes,41.85,6,14,1,L,top-order batsman
Aamer Sohail (PAK),1992-2000,47,83,3,2823,205,No,35.28,5,13,6,L,batsman
GR Marsh (AUS),1986-1992,48,89,6,2798,138,No,33.71,4,15,3,R,
MM Ali (ENG),2014-2019,60,104,8,2782,155,Yes,28.97,5,14,14,L,batting allrounder
MH Richardson (NZ),2000-2004,38,65,3,2776,145,No,44.77,4,19,1,L,
Mahmudullah (BDESH),2009-2020,49,93,6,2764,146,No,31.77,4,16,11,R,allrounder
Ramiz Raja (PAK),1986-1997,54,89,4,2747,122,No,32.31,2,21,7,R,batsman
CG Greenidge (WI),1986-1991,42,74,3,2742,226,No,38.61,7,8,3,R,
Moin Khan (PAK),1990-2004,69,104,8,2741,137,No,28.55,4,15,5,R,wicketkeeper batsman
Mohammad Ashraful (BDESH),2001-2013,61,119,5,2737,190,No,24.00,6,8,16,R,middle-order batsman
Sarfaraz Ahmed (PAK),2010-2019,49,86,13,2657,112,No,36.39,3,18,4,R,wicketkeeper batsman
IVA Richards (WI),1986-1991,44,66,5,2651,146,No,43.45,5,20,4,R,
Kamran Akmal (PAK),2002-2010,53,92,6,2648,158,Yes,30.79,6,12,14,R,wicketkeeper batsman
JA Rudolph (SA),2003-2012,48,83,9,2622,222,Yes,35.43,6,11,8,L,
WW Hinds (WI),2000-2005,45,80,1,2608,213,No,33.01,5,14,6,L,batsman
MJ Guptill (NZ),2009-2016,47,89,1,2586,189,No,29.38,3,17,10,R,opening batsman
RD Jacobs (WI),1998-2004,65,112,21,2577,118,No,28.31,3,14,12,L,wicketkeeper batsman
RS Mahanama (SL),1986-1998,52,89,1,2576,225,No,29.27,4,11,7,R,batsman
GS Blewett (AUS),1995-2000,46,79,4,2552,214,No,34.02,4,15,6,R,
JN Rhodes (SA),1992-2000,52,80,9,2532,117,No,35.66,3,17,4,R,
A Kumble (INDIA),1990-2008,132,173,32,2506,110,Yes,17.77,1,5,17,R,bowler
Shoaib Mohammad (PAK),1987-1995,39,59,6,2492,203,Yes,47.01,7,12,6,R,
KR Rutherford (NZ),1986-1995,52,92,8,2453,107,Yes,29.20,3,18,13,R,top-order batsman
AJ Lamb (ENG),1986-1992,41,75,4,2445,142,No,34.43,7,9,6,R,middle-order batsman
AP Gurusinha (SL),1986-1996,40,68,7,2423,143,No,39.72,7,8,3,L,
Imran Farhat (PAK),2001-2013,40,77,2,2400,128,No,32.00,3,14,3,L,
JC Buttler (ENG),2014-2020,45,80,6,2391,106,No,32.31,1,17,6,R,wicketkeeper batsman
R Ashwin (INDIA),2011-2020,71,98,13,2389,124,No,28.10,4,11,4,R,bowling allrounder
MR Ramprakash (ENG),1991-2002,52,92,6,2350,154,No,27.32,2,12,12,R,
S Dhawan (INDIA),2013-2018,34,58,1,2315,190,No,40.61,7,5,4,L,opening batsman
DB Vengsarkar (INDIA),1986-1992,35,52,9,2280,166,No,53.02,8,10,4,R,
SE Marsh (AUS),2011-2019,38,68,2,2265,182,No,34.31,6,10,10,L,top-order batsman
N Kapil Dev (INDIA),1986-1994,58,75,6,2239,163,No,32.44,5,10,5,R,
Harbhajan Singh (INDIA),1998-2015,103,145,23,2224,115,No,18.22,2,9,19,R,bowler
H Masakadza (ZIM),2001-2018,38,76,2,2223,158,No,30.04,5,8,10,R,top-order batsman
GJ Whittall (ZIM),1993-2002,46,82,7,2207,203,Yes,29.42,4,10,6,R,
DJ Bravo (WI),2004-2010,40,71,1,2200,113,No,31.42,3,13,6,R,allrounder
MW Gatting (ENG),1986-1995,38,68,4,2163,183,Yes,33.79,6,8,10,R,
D Ganga (WI),1998-2008,48,86,2,2160,135,No,25.71,3,9,9,R,batsman
RG Sharma (INDIA),2013-2019,32,53,7,2141,212,No,46.54,6,10,4,R,top-order batsman
HAPW Jayawardene (SL),2000-2015,58,83,11,2124,154,Yes,29.50,4,5,9,R,
JP Duminy (SA),2008-2017,46,74,10,2103,166,No,32.85,6,8,9,L,batting allrounder
JK Silva (SL),2011-2018,39,74,0,2099,139,No,28.36,3,12,6,R,wicketkeeper batsman
AN Petersen (SA),2010-2015,36,64,4,2093,182,No,34.88,5,8,3,R,batsman
MG Johnson (AUS),2007-2015,73,109,16,2065,123,Yes,22.20,1,11,19,L,bowler
BRM Taylor (ZIM),2004-2020,31,62,4,2055,171,No,35.43,6,10,3,R,wicketkeeper batsman
SV Manjrekar (INDIA),1987-1996,37,61,6,2043,218,No,37.14,4,9,3,R,top-order batsman
BA Young (NZ),1993-1999,35,68,4,2034,267,Yes,31.78,2,12,5,R,
MJ Greatbatch (NZ),1988-1996,41,71,5,2021,146,Yes,30.62,3,10,9,L,opening batsman
CJL Rogers (AUS),2008-2015,25,48,1,2015,173,No,42.87,5,14,1,L,opening batsman
JO Holder (WI),2014-2020,43,75,12,2012,202,Yes,31.93,3,8,3,R,bowling allrounder
KOA Powell (WI),2011-2018,40,76,1,2011,134,No,26.81,3,6,7,L,opening batsman
AC Hudson (SA),1992-1998,35,63,3,2007,163,No,33.45,4,13,7,R,
KL Rahul (INDIA),2014-2019,36,60,2,2006,199,No,34.58,5,11,6,R,opening batsman
HH Streak (ZIM),1993-2005,65,107,18,1990,127,Yes,22.35,1,11,15,R,
AL Logie (WI),1987-1991,39,61,8,1977,101,No,37.30,1,13,3,R,
BM McMillan (SA),1992-1998,38,62,12,1968,113,No,39.36,3,13,3,R,
Abdul Razzaq (PAK),1999-2006,46,77,9,1946,134,No,28.61,3,7,4,R,allrounder
W Jaffer (INDIA),2000-2008,31,58,1,1944,212,No,34.10,5,11,6,R,top-order batsman
RS Kaluwitharana (SL),1992-2004,49,78,4,1933,132,Yes,26.12,3,9,5,R,
Babar Azam (PAK),2016-2020,27,50,7,1924,143,No,44.74,5,14,6,R,batsman
N Dickwella (SL),2014-2020,37,66,4,1921,83,No,30.98,0,15,3,L,wicketkeeper batsman
L Klusener (SA),1996-2004,49,69,11,1906,174,No,32.86,4,8,4,L,allrounder
RJ Shastri (INDIA),1986-1992,41,60,6,1906,206,No,35.29,6,4,4,R,
Yuvraj Singh (INDIA),2003-2012,40,62,6,1900,169,No,33.92,3,11,7,L,middle-order batsman
Shoaib Malik (PAK),2001-2015,35,60,6,1898,245,No,35.14,3,8,6,R,allrounder
RC Russell (ENG),1988-1998,54,86,16,1897,128,Yes,27.10,2,6,8,L,
Salman Butt (PAK),2003-2010,33,62,0,1889,122,No,30.46,3,10,6,L,batsman
RA Jadeja (INDIA),2012-2020,49,71,18,1869,100,Yes,35.26,1,14,4,L,allrounder
DM de Silva (SL),2016-2020,31,57,4,1863,173,No,35.15,6,6,6,R,allrounder
RL Chase (WI),2016-2020,35,64,4,1852,137,Yes,30.86,5,8,6,R,allrounder
T Bavuma (SA),2014-2020,40,67,7,1845,102,Yes,30.75,1,13,7,R,middle-order batsman
RP Arnold (SL),1997-2004,44,69,4,1821,123,No,28.01,3,10,7,L,
JP Crawley (ENG),1994-2003,37,61,9,1800,156,Yes,34.61,4,9,4,R,
DS Lehmann (AUS),1998-2004,27,42,2,1798,177,No,44.95,5,10,2,L,top-order batsman
Imrul Kayes (BDESH),2008-2019,39,76,2,1797,150,No,24.28,3,4,4,L,opening batsman
NT Paranavitana (SL),2009-2012,32,60,5,1792,111,No,32.58,2,11,9,L,opening batsman
MJ Horne (NZ),1997-2003,35,65,2,1788,157,No,28.38,4,5,4,R,
JDP Oram (NZ),2002-2009,33,59,10,1780,133,No,36.32,5,6,4,L,allrounder
VD Philander (SA),2011-2020,64,94,20,1779,74,No,24.04,0,8,8,R,allrounder
DS Smith (WI),2003-2018,43,76,2,1760,108,No,23.78,1,8,7,L,opening batsman
WU Tharanga (SL),2005-2017,31,58,3,1754,165,No,31.89,3,8,6,L,batsman
HM Nicholls (NZ),2016-2020,33,50,6,1747,162,Yes,39.70,5,9,4,L,top-order batsman
Javed Omar (BDESH),2001-2007,40,80,2,1720,119,No,22.05,1,8,5,R,opening batsman
HH Dippenaar (SA),1999-2007,38,62,5,1718,177,Yes,30.14,3,7,8,R,
Shahid Afridi (PAK),1998-2010,27,48,1,1716,156,No,36.51,5,8,6,R,allrounder
Imran Khan (PAK),1986-1992,34,47,13,1715,136,No,50.44,4,10,4,R,allrounder
HMRKB Herath (SL),1999-2018,93,144,28,1699,80,Yes,14.64,0,3,23,L,bowler
TG Southee (NZ),2008-2020,73,106,10,1668,77,Yes,17.37,0,5,10,R,bowler
MS Sinclair (NZ),1999-2010,33,56,5,1635,214,No,32.05,3,4,4,R,
SV Carlisle (ZIM),1995-2005,37,66,6,1615,118,No,26.91,2,8,7,R,
SD Hope (WI),2015-2020,34,64,3,1603,147,No,26.27,2,5,2,R,wicketkeeper batsman
SB Styris (NZ),2002-2007,29,48,4,1586,170,No,36.04,5,6,5,R,allrounder
J Blackwood (WI),2014-2020,31,55,4,1573,112,Yes,30.84,1,12,6,R,middle-order batsman
SO Dowrich (WI),2015-2020,34,62,8,1570,125,Yes,29.07,3,9,8,R,wicketkeeper batsman
PJL Dujon (WI),1986-1991,48,71,7,1558,106,Yes,24.34,1,8,6,R,
T Taibu (ZIM),2001-2012,28,54,3,1546,153,No,30.31,1,12,5,R,wicketkeeper batsman
PJ Hughes (AUS),2009-2013,26,49,2,1535,160,No,32.65,3,7,6,L,opening batsman
MA Starc (AUS),2011-2020,57,85,17,1515,99,No,22.27,0,10,11,L,bowler
M Prabhakar (INDIA),1989-1995,37,54,8,1514,120,No,32.91,1,9,3,R,
GS Ballance (ENG),2014-2017,23,42,2,1498,156,No,37.45,4,7,3,L,middle-order batsman
Yasir Hameed (PAK),2003-2010,25,49,3,1491,170,No,32.41,2,8,1,R,
AC Voges (AUS),2015-2016,20,31,7,1485,269,Yes,61.87,5,4,2,R,top-order batsman
DL Houghton (ZIM),1992-1997,22,36,2,1464,266,No,43.05,4,4,0,R,
A Symonds (AUS),2004-2008,26,41,5,1462,162,Yes,40.61,2,10,4,R,allrounder
M Labuschagne (AUS),2018-2020,14,23,0,1459,215,No,63.43,4,8,1,R,batting allrounder
B Lee (AUS),1999-2008,76,90,18,1451,64,No,20.15,0,5,14,R,bowler
NR Mongia (INDIA),1994-2001,44,68,8,1442,152,No,24.03,1,6,6,R,wicketkeeper
MS Wade (AUS),2012-2020,32,55,9,1440,117,No,31.30,4,5,2,L,wicketkeeper batsman
CEL Ambrose (WI),1988-2000,98,145,29,1439,53,No,12.40,0,1,26,L,bowler
AK Markram (SA),2017-2019,20,37,0,1424,152,No,38.48,4,6,5,R,opening batsman
AF Giles (ENG),1998-2006,54,81,13,1421,59,No,20.89,0,4,9,R,
MW Goodwin (ZIM),1998-2000,19,37,4,1414,166,Yes,42.84,3,8,4,R,top-order batsman
K Srikkanth (INDIA),1986-1992,30,50,2,1412,123,No,29.41,2,7,5,R,
Khaled Mashud (BDESH),2000-2007,44,84,10,1409,103,Yes,19.04,1,3,11,R,wicketkeeper batsman
HDRL Thirimanne (SL),2011-2019,35,68,6,1404,155,Yes,22.64,1,6,9,L,top-order batsman
KLT Arthurton (WI),1988-1995,33,50,5,1382,157,Yes,30.71,2,8,8,L,batsman
Rashid Latif (PAK),1992-2003,37,57,9,1381,150,No,28.77,1,7,4,R,
BC Broad (ENG),1986-1989,20,35,2,1380,162,No,41.81,6,4,2,L,
JA Burns (AUS),2014-2020,21,36,0,1379,180,No,38.30,4,6,5,R,batsman
GP Swann (ENG),2008-2013,60,76,14,1370,85,No,22.09,0,5,5,R,bowler
S Ramesh (INDIA),1999-2001,19,37,1,1367,143,No,37.97,2,8,3,L,
DJ Richardson (SA),1992-1998,42,64,8,1359,109,No,24.26,1,8,7,R,
Shan Masood (PAK),2013-2020,21,40,0,1345,156,No,33.62,4,6,4,L,opening batsman
L Vincent (NZ),2001-2007,23,40,1,1332,224,No,34.15,3,9,4,R,batsman
TD Paine (AUS),2010-2020,31,50,8,1330,92,No,31.66,0,7,4,R,wicketkeeper batsman
GRJ Matthews (AUS),1986-1993,23,36,6,1329,130,No,44.30,2,10,2,L,allrounder
SS Das (INDIA),2000-2002,23,40,2,1326,110,No,34.89,2,9,3,R,
DJG Sammy (WI),2007-2013,38,63,2,1323,106,No,21.68,1,5,8,R,allrounder
N Boje (SA),2000-2006,43,62,10,1312,85,No,25.23,0,4,5,L,bowler
KS More (INDIA),1986-1993,49,64,14,1285,73,No,25.70,0,7,7,R,
CR Woakes (ENG),2013-2020,36,59,12,1281,137,Yes,27.25,1,5,8,R,allrounder
UC Hathurusingha (SL),1991-1999,26,44,1,1274,83,No,29.62,0,8,2,R,
JD Ryder (NZ),2008-2011,18,33,2,1269,201,No,40.93,3,6,4,L,allrounder
Shahriar Nafees (BDESH),2005-2013,24,48,0,1267,138,No,26.39,1,7,4,L,top-order batsman
M Muralitharan (ICC/SL),1992-2010,133,164,56,1261,67,No,11.67,0,1,33,R,bowler
MR Marsh (AUS),2014-2019,32,55,5,1260,181,No,25.20,2,3,6,R,allrounder
JE Emburey (ENG),1986-1995,36,57,12,1257,75,No,27.93,0,9,9,R,
DW Steyn (SA),2004-2019,93,119,27,1251,76,No,13.59,0,2,14,R,bowler
WP Saha (INDIA),2010-2019,37,50,9,1238,117,No,30.19,3,5,6,R,wicketkeeper batsman
Z Khan (INDIA),2000-2014,92,127,24,1231,75,No,11.95,0,3,29,R,bowler
RJ Burns (ENG),2018-2020,19,36,0,1227,133,No,34.08,2,8,1,L,top-order batsman
DD Ebrahim (ZIM),2001-2005,29,55,1,1225,94,No,22.68,0,10,8,R,
JN Gillespie (AUS),1996-2006,71,93,28,1218,201,Yes,18.73,1,2,13,R,bowler
JM Anderson (ENG),2003-2020,154,216,90,1217,81,No,9.65,0,1,26,L,bowler
CR Ervine (ZIM),2011-2020,18,36,2,1208,160,No,35.52,3,4,2,L,middle-order batsman
MDK Perera (SL),2014-2019,41,73,8,1208,95,No,18.58,0,6,13,R,allrounder
DN Patel (NZ),1987-1997,37,66,8,1200,99,No,20.68,0,5,10,R,middle-order batsman
C de Grandhomme (NZ),2016-2020,24,36,4,1185,105,No,37.03,1,8,4,R,allrounder
SC Williams (WI),1994-2002,31,52,3,1183,128,No,24.14,1,3,6,R,batsman
MTG Elliott (AUS),1996-2004,21,36,1,1172,199,No,33.48,3,4,5,L,opening batsman
GO Jones (ENG),2004-2006,34,53,4,1172,100,No,23.91,1,6,2,R,
MJ North (AUS),2009-2010,21,35,2,1171,128,No,35.48,5,4,5,L,middle-order batsman
PM Siddle (AUS),2008-2019,67,94,15,1164,51,No,14.73,0,2,17,R,bowler
MG Vandort (SL),2001-2008,20,33,2,1144,140,No,36.90,4,4,3,L,
JA Raval (NZ),2016-2020,24,39,1,1143,132,No,30.07,1,7,3,L,opening batsman
Rajin Saleh (BDESH),2003-2008,24,46,2,1141,89,No,25.93,0,7,8,R,
Faisal Iqbal (PAK),2001-2010,26,44,2,1124,139,No,26.76,1,8,4,R,
CC Lewis (ENG),1990-1996,32,51,3,1105,117,No,23.02,1,4,6,R,bowling allrounder
IK Pathan (INDIA),2003-2008,29,40,5,1105,102,No,31.57,1,6,5,L,allrounder
BP Nash (WI),2008-2011,21,33,0,1103,114,No,33.42,2,8,0,L,middle-order batsman
SM Gavaskar (INDIA),1986-1987,14,20,0,1102,176,No,55.10,3,6,1,R,
CB Wishart (ZIM),1995-2005,27,50,1,1098,114,No,22.40,1,5,6,R,opening batsman
TM Head (AUS),2018-2020,17,28,2,1091,161,No,41.96,2,7,2,L,middle-order batsman
VG Kambli (INDIA),1993-1995,17,21,1,1084,227,No,54.20,4,3,3,L,middle-order batsman
Mohammad Rafique (BDESH),2000-2008,33,63,6,1059,111,No,18.57,1,4,8,L,allrounder
IDS Smith (NZ),1986-1992,35,47,8,1052,173,No,26.97,1,4,3,R,wicketkeeper batsman
C White (ENG),1994-2002,30,50,7,1052,121,No,24.46,1,5,8,R,allrounder
Nasir Hossain (BDESH),2011-2017,19,32,2,1044,100,No,34.80,1,6,2,R,allrounder
DR Flynn (NZ),2008-2013,24,45,5,1038,95,No,25.95,0,6,8,L,middle-order batsman
Sikandar Raza (ZIM),2013-2020,15,30,0,1037,127,No,34.56,1,7,3,R,batting allrounder
MG Hughes (AUS),1986-1994,52,69,8,1032,72,Yes,16.91,0,2,9,R,bowler
NM Lyon (AUS),2011-2020,96,123,39,1031,47,No,12.27,0,0,15,R,bowler
KC Wessels (SA),1992-1994,16,29,2,1027,118,No,38.03,2,6,2,L,
KD Karthik (INDIA),2004-2018,26,42,1,1025,129,No,25.00,1,7,4,R,wicketkeeper batsman
GJ Rennie (ZIM),1997-2002,23,46,1,1023,93,No,22.73,0,7,5,L,
MD Marshall (WI),1986-1991,41,59,8,1010,76,No,19.80,0,5,8,R,
Waqar Younis (PAK),1989-2003,87,120,21,1010,45,No,10.20,0,0,21,R,bowler
J Srinath (INDIA),1991-2002,67,92,21,1009,76,No,14.21,0,4,13,R,bowler
Umar Akmal (PAK),2009-2011,16,30,2,1003,129,No,35.82,1,6,1,R,middle-order batsman
PV Simmons (WI),1988-1997,26,47,2,1002,110,No,22.26,1,4,4,R,
EJM Cowan (AUS),2011-2013,18,32,0,1001,136,No,31.28,1,6,2,L,opening batsman
Saleem Yousuf (PAK),1986-1990,29,40,4,988,91,Yes,27.44,0,5,2,R,
KA Edwards (WI),2011-2014,17,32,1,986,121,No,31.80,2,8,4,R,batsman
Ahmed Shehzad (PAK),2013-2017,13,25,1,982,176,No,40.91,3,4,1,R,opening batsman
MA Agarwal (INDIA),2018-2020,11,17,0,974,243,No,57.29,3,4,0,R,batsman
Junaid Siddique (BDESH),2008-2012,19,37,0,969,106,No,26.18,1,7,2,L,top-order batsman
PG Fulton (NZ),2006-2014,23,39,1,967,136,No,25.44,2,5,3,R,
SA Thomson (NZ),1990-1995,19,35,4,958,120,Yes,30.90,1,5,3,R,
PR Reiffel (AUS),1992-1998,35,50,14,955,79,Yes,26.52,0,6,5,R,bowler
M Morkel (SA),2006-2018,86,104,23,944,40,No,11.65,0,0,22,L,bowler
PAJ DeFreitas (ENG),1986-1995,44,68,5,934,88,No,14.82,0,4,10,R,bowler
PSP Handscomb (AUS),2016-2019,16,29,5,934,110,No,38.91,2,4,1,R,batsman
PA Patel (INDIA),2002-2018,25,38,8,934,71,No,31.13,0,6,4,L,wicketkeeper batsman
MDKJ Perera (SL),2015-2019,18,33,3,934,153,Yes,31.13,2,4,5,L,wicketkeeper batsman
Asif Mujtaba (PAK),1986-1997,25,41,3,928,65,Yes,24.42,0,8,5,L,
Saqlain Mushtaq (PAK),1995-2004,49,78,14,927,101,Yes,14.48,1,2,13,R,bowler
Sir RJ Hadlee (NZ),1986-1990,26,34,7,925,151,Yes,34.25,1,4,3,L,
CM Spearman (NZ),1995-2000,19,37,2,922,112,No,26.34,1,3,3,R,opening batsman
JR Murray (WI),1993-2002,33,45,4,918,101,Yes,22.39,1,3,9,R,
KAJ Roach (WI),2009-2020,59,95,19,905,41,No,11.90,0,0,14,R,bowler
CWJ Athey (ENG),1986-1988,20,35,1,902,123,No,26.52,1,4,2,R,
PA Jaques (AUS),2005-2008,11,19,0,902,150,No,47.47,3,6,1,L,opening batsman
Azhar Mahmood (PAK),1997-2001,21,34,4,900,136,No,30.00,3,1,5,R,
CA Walsh (WI),1986-2001,126,178,57,892,30,Yes,7.37,0,0,41,R,bowler
AM Blignaut (ZIM),2001-2005,19,36,3,886,92,No,26.84,0,6,6,L,
HDPK Dharmasena (SL),1993-2004,31,51,7,868,62,Yes,19.72,0,3,4,R,allrounder
DG Cork (ENG),1995-2002,37,56,8,864,59,No,18.00,0,3,5,R,
AR Caddick (ENG),1993-2003,62,95,12,861,49,Yes,10.37,0,0,19,R,
Liton Das (BDESH),2015-2020,20,34,1,859,94,No,26.03,0,5,1,R,wicketkeeper batsman
Basit Ali (PAK),1993-1995,19,33,1,858,103,No,26.81,1,5,5,R,
JE Taylor (WI),2003-2016,46,73,7,856,106,No,12.96,1,1,12,R,bowler
D Gough (ENG),1994-2003,58,86,18,855,65,No,12.57,0,2,14,R,bowler
TG McIntosh (NZ),2008-2011,17,33,2,854,136,No,27.54,2,4,5,L,batsman
PA Strang (ZIM),1994-2001,24,41,10,839,106,Yes,27.06,1,2,3,R,
SO Hetmyer (WI),2017-2019,16,30,0,838,93,No,27.93,0,5,0,L,top-order batsman
M Amarnath (INDIA),1986-1988,16,23,1,836,138,No,38.00,2,4,1,R,
RAS Lakmal (SL),2010-2020,61,95,23,836,42,No,11.61,0,0,18,R,bowler
AM Bacher (SA),1996-1999,19,33,1,833,96,No,26.03,0,5,3,R,
JL Denly (ENG),2019-2020,15,28,0,827,94,No,29.53,0,6,0,R,top-order batsman
SM Warnapura (SL),2007-2009,14,24,1,821,120,No,35.69,2,7,5,L,opening batsman
TJ Franklin (NZ),1986-1991,20,35,1,819,101,No,24.08,1,4,2,R,
Haris Sohail (PAK),2017-2020,14,23,1,819,147,No,37.22,2,3,1,L,middle-order batsman
Soumya Sarkar (BDESH),2015-2019,15,28,0,818,149,No,29.21,1,4,1,L,middle-order batsman
Khurram Manzoor (PAK),2009-2014,16,30,1,817,146,No,28.17,1,7,3,R,opening batsman
RR Pant (INDIA),2018-2020,13,22,1,814,159,Yes,38.76,2,2,1,L,wicketkeeper batsman
TR Gripper (ZIM),1999-2004,20,38,1,809,112,No,21.86,1,5,5,R,
JEC Franklin (NZ),2001-2013,31,46,7,808,122,Yes,20.71,1,2,6,L,allrounder
RW Chakabva (ZIM),2011-2020,17,34,2,806,101,No,25.18,1,4,2,R,wicketkeeper batsman
Mashrafe Mortaza (BDESH),2001-2009,36,67,5,797,79,No,12.85,0,3,12,R,bowler
IT Botham (ENG),1986-1992,23,36,3,791,138,No,23.96,1,2,3,R,allrounder
MG Bevan (AUS),1994-1998,18,30,3,785,91,No,29.07,0,6,4,L,batsman
Mohammad Wasim (PAK),1996-2000,18,28,2,783,192,No,30.11,2,2,3,R,
KK Jennings (ENG),2016-2019,17,32,1,781,146,Yes,25.19,2,1,4,L,opening batsman
CZ Harris (NZ),1992-2002,23,42,4,777,71,No,20.44,0,5,9,L,allrounder
NRD Compton (ENG),2012-2016,16,30,3,775,117,No,28.70,2,2,3,R,opening batsman
RWT Key (ENG),2002-2005,15,26,1,775,221,No,31.00,1,3,2,R,
JM How (NZ),2006-2009,19,35,1,772,92,No,22.70,0,4,4,R,top-order batsman
SC Williams (ZIM),2013-2020,12,24,1,770,119,No,33.47,2,3,0,L,middle-order batsman
CJ McDermott (AUS),1986-1996,59,72,12,769,42,Yes,12.81,0,0,10,R,
SK Raina (INDIA),2010-2015,18,31,2,768,120,No,26.48,1,7,8,L,middle-order batsman
Mudassar Nazar (PAK),1986-1989,21,30,1,762,124,No,26.27,2,2,2,R,
AJ Hall (SA),2002-2007,21,33,4,760,163,No,26.20,1,3,7,R,
Sami Aslam (PAK),2015-2017,13,25,1,758,91,No,31.58,0,7,0,L,opening batsman
HD Rutherford (NZ),2013-2015,16,29,1,755,171,No,26.96,1,1,2,L,opening batsman
Mohammad Amir (PAK),2009-2019,36,67,11,751,48,No,13.41,0,0,7,L,bowler
Yasir Shah (PAK),2014-2020,40,60,6,745,113,No,13.79,1,0,9,R,bowler
SJ Harmison (ENG/ICC),2002-2009,63,86,23,743,49,Yes,11.79,0,0,21,R,
MJ Santner (NZ),2015-2019,22,29,0,741,126,No,25.55,1,2,2,L,bowling allrounder
PL Symcox (SA),1993-1998,20,27,1,741,108,No,28.50,1,4,1,R,
MD Bell (NZ),1998-2008,18,32,2,729,107,No,24.30,2,3,7,R,
DJ Nash (NZ),1992-2001,32,45,14,729,89,Yes,23.51,0,4,5,R,
SM Curran (ENG),2018-2020,18,31,4,728,78,No,26.96,0,3,4,L,allrounder
N Deonarine (WI),2005-2013,18,30,2,725,82,No,25.89,0,5,3,L,batsman
DJ Malan (ENG),2017-2018,15,26,0,724,140,No,27.84,1,6,1,L,top-order batsman
I Sharma (INDIA),2007-2020,97,129,43,720,57,No,8.37,0,1,31,R,bowler
NV Knight (ENG),1995-2001,17,30,0,719,113,No,23.96,1,4,1,L,opening batsman
Asim Kamal (PAK),2003-2005,12,20,1,717,99,No,37.73,0,8,2,L,
DG Brownlie (NZ),2011-2013,14,25,1,711,109,No,29.62,1,4,3,R,middle-order batsman
JDS Neesham (NZ),2014-2017,12,22,1,709,137,Yes,33.76,2,4,2,L,batting allrounder
D Bishoo (WI),2011-2018,36,61,15,707,45,No,15.36,0,0,10,L,bowler
ARS Silva (SL),2017-2019,12,23,3,702,109,No,35.10,1,5,2,R,batsman
EJG Morgan (ENG),2010-2012,16,24,1,700,130,No,30.43,2,3,4,L,middle-order batsman
M Ntini (SA),1998-2009,101,116,45,699,32,Yes,9.84,0,0,21,R,
JG Bracewell (NZ),1986-1990,26,36,5,698,110,No,22.51,1,3,6,R,
Al Sahariar (BDESH),2000-2003,15,30,0,683,71,No,22.76,0,4,2,R,
CJ Anderson (NZ),2013-2016,13,22,1,683,116,No,32.52,1,4,3,L,batting allrounder
RT Robinson (ENG),1986-1989,18,31,2,667,166,No,23.00,1,3,5,R,
BA Pocock (NZ),1993-1997,15,29,0,665,85,No,22.93,0,6,4,R,
Hannan Sarkar (BDESH),2002-2004,17,33,0,662,76,No,20.06,0,5,5,R,
AB Barath (WI),2009-2012,15,28,0,657,104,No,23.46,1,4,2,R,opening batsman
Mushtaq Ahmed (PAK),1990-2003,52,72,16,656,59,No,11.71,0,2,14,R,bowler
TA Boult (NZ),2011-2020,67,82,39,654,52,Yes,15.20,0,1,13,R,bowler
AA Donald (SA),1992-2002,72,94,33,652,37,No,10.68,0,0,17,R,
HJH Marshall (NZ),2000-2006,13,19,2,652,160,No,38.35,2,2,1,R,batsman
A Mishra (INDIA),2008-2016,22,32,2,648,84,No,21.60,0,4,4,R,bowler
PJ Cummins (AUS),2011-2020,30,44,6,647,63,No,17.02,0,2,7,R,bowler
KA Maharaj (SA),2016-2020,30,48,6,643,72,No,15.30,0,2,8,R,bowler
GD McGrath (AUS),1993-2007,124,138,51,641,61,No,7.36,0,1,35,R,bowler
AFG Griffith (WI),1997-2000,14,27,1,638,114,No,24.53,1,4,4,L,
Mehidy Hasan Miraz (BDESH),2016-2019,22,42,6,638,68,Yes,17.72,0,2,2,R,allrounder
MT Renshaw (AUS),2016-2018,11,20,1,636,184,No,33.47,1,3,0,L,batsman
OJ Pope (ENG),2018-2020,11,18,3,633,135,Yes,42.20,1,5,0,R,middle-order batsman
IR Bishop (WI),1989-1998,43,63,11,632,48,No,12.15,0,0,10,R,bowler
SC Cook (SA),2016-2017,11,19,0,632,117,No,33.26,3,2,3,R,opening batsman
DP Sibley (ENG),2019-2020,10,17,1,632,133,Yes,39.50,2,2,2,R,opening batsman
RG Twose (NZ),1995-1999,16,27,2,628,94,No,25.12,0,6,5,L,top-order batsman
PN Kirsten (SA),1992-1994,12,22,2,626,104,No,31.30,1,4,2,R,
M Kaif (INDIA),2000-2006,13,22,3,624,148,Yes,32.84,1,3,1,R,batsman
UDU Chandana (SL),1999-2005,16,24,1,616,92,No,26.78,0,2,0,R,bowler
TMK Mawoyo (ZIM),2011-2016,11,22,1,615,163,Yes,29.28,1,3,2,R,batsman
CS Baugh (WI),2003-2012,21,36,2,610,68,No,17.94,0,3,1,R,wicketkeeper
K Rabada (SA),2015-2020,43,64,11,606,34,No,11.43,0,0,12,L,bowler
RJ Harris (AUS),2010-2015,27,39,11,603,74,No,21.53,0,3,2,R,bowler
JJ Crowe (NZ),1986-1990,16,27,2,592,120,Yes,23.68,1,1,2,R,
Adnan Akmal (PAK),2010-2014,21,29,5,591,64,No,24.62,0,3,2,R,wicketkeeper batsman
V Sibanda (ZIM),2003-2014,14,28,0,591,93,No,21.10,0,2,3,R,opening batsman
MD Craig (NZ),2014-2016,15,25,9,589,67,No,36.81,0,3,1,L,bowler
Alok Kapali (BDESH),2002-2006,17,34,1,584,85,No,17.69,0,2,6,R,
Aftab Ahmed (BDESH),2004-2010,16,31,3,582,82,Yes,20.78,0,1,4,R,
Umar Gul (PAK),2003-2013,47,67,9,577,65,Yes,9.94,0,1,15,R,bowler
MN Waller (ZIM),2011-2017,14,28,1,577,72,Yes,21.37,0,4,4,R,batsman
A Jadeja (INDIA),1992-2000,15,24,2,576,96,No,26.18,0,4,1,R,middle-order batsman
RS Bopara (ENG),2007-2012,13,19,1,575,143,No,31.94,3,0,5,R,batting allrounder
TT Bresnan (ENG),2009-2013,23,26,4,575,91,No,26.13,0,3,3,R,allrounder
N Wagner (NZ),2012-2020,48,63,17,575,47,No,12.50,0,0,12,L,bowler
AD Hales (ENG),2015-2016,11,21,0,573,94,No,27.28,0,5,0,R,opening batsman
RS Morton (WI),2005-2008,15,27,1,573,70,Yes,22.03,0,4,1,R,batsman
AB Agarkar (INDIA),1998-2006,26,39,5,571,109,Yes,16.79,1,0,9,R,bowler
SB Doull (NZ),1992-2000,32,50,11,570,46,No,14.61,0,0,10,R,
E Chigumbura (ZIM),2004-2014,14,27,0,569,88,No,21.07,0,4,6,R,allrounder
DAJ Bracewell (NZ),2011-2016,27,45,4,568,47,No,13.85,0,0,11,R,bowler
JR Ratnayeke (SL),1986-1989,11,17,1,567,93,No,35.43,0,5,0,L,
Aamer Malik (PAK),1987-1994,14,19,3,565,117,No,35.31,2,3,3,R,
J Arun Lal (INDIA),1987-1989,12,22,1,565,93,No,26.90,0,4,0,R,
MF Maharoof (SL),2004-2011,22,34,4,556,72,No,18.53,0,3,1,R,allrounder
GP Wickramasinghe (SL),1991-2001,40,64,5,555,51,No,9.40,0,1,17,R,bowler
B Kumar (INDIA),2013-2018,21,29,4,552,63,Yes,22.08,0,3,4,R,bowler
GH Vihari (INDIA),2018-2020,9,16,1,552,111,No,36.80,1,4,1,R,batting allrounder
M Dillon (WI),1997-2004,38,68,3,549,43,No,8.44,0,0,26,R,bowler
JM Vince (ENG),2016-2018,13,22,0,548,83,No,24.90,0,3,2,R,batsman
Shoaib Akhtar (PAK),1997-2007,46,67,13,544,47,No,10.07,0,0,11,R,bowler
AG Cremer (ZIM),2005-2017,19,38,5,540,102,Yes,16.36,1,0,7,R,bowler
AU Rashid (ENG),2015-2019,19,33,5,540,61,No,19.28,0,2,3,R,bowler
LPC Silva (SL),2006-2008,11,17,1,537,152,Yes,33.56,1,2,3,R,batsman
PJ Moor (ZIM),2016-2018,8,16,1,533,83,No,35.53,0,5,1,R,wicketkeeper batsman
NC Johnson (ZIM),1998-2000,13,23,1,532,107,No,24.18,1,4,3,L,
HH Pandya (INDIA),2017-2018,11,18,1,532,108,No,31.29,1,4,2,R,allrounder
S Ranatunga (SL),1994-1997,9,17,1,531,118,No,33.18,2,2,1,L,
Aminul Islam (BDESH),2000-2002,13,26,1,530,145,No,21.20,1,2,3,R,
MD Stoneman (ENG),2017-2018,11,20,1,526,60,No,27.68,0,5,1,L,top-order batsman
Shahadat Hossain (BDESH),2005-2015,38,69,17,521,40,No,10.01,0,0,10,R,bowler
Nafees Iqbal (BDESH),2004-2006,11,22,0,518,121,No,23.54,1,2,2,R,
GM Ritchie (AUS),1986-1987,11,18,3,511,92,No,34.06,0,2,0,R,
RO Hinds (WI),2002-2009,15,25,1,505,84,No,21.04,0,2,1,L,
BJ Hodge (AUS),2005-2008,6,11,2,503,203,Yes,55.88,1,2,0,R,top-order batsman
JV Coney (NZ),1986-1987,9,13,2,502,101,Yes,45.63,1,3,0,R,
Mohammed Shami (INDIA),2013-2020,49,64,20,497,51,Yes,11.29,0,1,13,R,bowler
Mohammad Sami (PAK),2001-2012,36,56,14,487,49,No,11.59,0,0,8,R,bowler
SJ Benn (WI),2008-2015,26,39,5,486,42,No,14.29,0,0,7,L,bowler
Imam-ul-Haq (PAK),2018-2019,11,21,2,485,76,No,25.52,0,3,3,L,top-order batsman
Sabbir Rahman (BDESH),2016-2018,11,22,2,481,66,No,24.05,0,4,5,R,middle-order batsman
KTGD Prasad (SL),2008-2015,25,39,2,476,47,No,12.86,0,0,8,R,bowler
MJ Hoggard (ENG),2000-2008,67,92,27,473,38,No,7.27,0,0,19,R,
SB Bangar (INDIA),2001-2002,12,18,2,470,100,Yes,29.37,1,3,2,R,
WKM Benjamin (WI),1987-1995,21,26,1,470,85,No,18.80,0,2,4,R,
PM Nevill (AUS),2015-2016,17,23,2,468,66,No,22.28,0,3,1,R,wicketkeeper
BC Strang (ZIM),1995-2001,26,45,9,465,53,No,12.91,0,1,8,R,
RJ Peterson (SA),2003-2014,15,20,3,464,84,No,27.29,0,3,2,L,bowler
PL Harris (SA),2007-2011,37,48,5,460,46,No,10.69,0,0,9,R,bowler
TE Blain (NZ),1986-1994,11,20,3,456,78,No,26.82,0,2,2,R,
TM Moody (AUS),1989-1992,8,14,0,456,106,No,32.57,2,3,1,R,top-order batsman
DAS Gunaratne (SL),2016-2017,6,10,2,455,116,No,56.87,1,3,1,R,batsman
MD Moxon (ENG),1986-1989,10,17,1,455,99,No,28.43,0,3,2,R,
Saeed Ajmal (PAK),2009-2014,35,53,12,451,50,No,11.00,0,1,9,R,bowler
Abdul Qadir (PAK),1986-1990,31,35,7,450,61,No,16.07,0,1,2,R,
MA Vermeulen (ZIM),2002-2014,9,18,0,449,118,No,24.94,1,2,3,R,
DR Pringle (ENG),1986-1992,20,33,1,448,63,No,14.00,0,1,5,R,bowler
WV Raman (INDIA),1988-1997,11,19,1,448,96,No,24.88,0,4,4,L,
IS Sodhi (NZ),2013-2018,17,25,4,448,63,No,21.33,0,3,4,R,bowler
TR Ambrose (ENG),2008-2009,11,16,1,447,102,No,29.80,1,3,2,R,middle-order batsman
TJ Friend (ZIM),2001-2004,13,19,4,447,81,No,29.80,0,3,4,R,
CT Bancroft (AUS),2017-2019,10,18,1,446,82,Yes,26.23,0,3,1,R,wicketkeeper batsman
MS Kasprowicz (AUS),1996-2006,38,54,12,445,25,No,10.59,0,0,7,R,bowler
CD Cumming (NZ),2005-2008,11,19,2,441,74,No,25.94,0,1,1,R,opening batsman
A Chopra (INDIA),2003-2004,10,19,0,437,60,No,23.00,0,2,1,R,batsman
Saleem Elahi (PAK),1995-2003,13,24,1,436,72,No,18.95,0,1,6,R,opening batsman
PL Taylor (AUS),1987-1991,13,19,3,431,87,No,26.93,0,2,1,L,
TB de Bruyn (SA),2017-2019,12,23,1,428,101,No,19.45,1,0,2,R,middle-order batsman
Imran Nazir (PAK),1999-2002,8,13,0,427,131,No,32.84,2,1,3,R,
DR Tuffey (NZ),2000-2010,26,36,10,427,80,Yes,16.42,0,1,6,R,bowler
NM Hauritz (AUS),2004-2010,17,24,7,426,75,No,25.05,0,2,1,R,bowler
PK Amre (INDIA),1992-1993,11,13,3,425,103,No,42.50,1,3,0,R,
TA Blundell (NZ),2017-2020,6,11,2,425,121,No,47.22,2,1,0,R,wicketkeeper batsman
RDB Croft (ENG),1996-2001,21,34,8,421,37,Yes,16.19,0,0,2,R,bowler
CK Kapugedera (SL),2006-2009,8,15,3,418,96,No,34.83,0,4,1,R,middle-order batsman
JL Pattinson (AUS),2011-2020,21,25,9,417,47,Yes,26.06,0,0,2,L,bowler
Naeem Islam (BDESH),2008-2012,8,15,2,416,108,No,32.00,1,1,0,R,allrounder
Taijul Islam (BDESH),2014-2020,29,48,7,412,39,Yes,10.04,0,0,6,L,bowler
DBL Powell (WI),2002-2009,37,57,5,407,36,Yes,7.82,0,0,15,R,
LR Johnson (WI),2014-2016,9,16,0,403,66,No,25.18,0,2,2,L,middle-order batsman
JR Hazlewood (AUS),2014-2019,51,62,29,402,39,No,12.18,0,0,10,L,bowler
TL Best (WI),2003-2013,25,38,6,401,95,No,12.53,0,1,9,R,bowler
MA Wood (ENG),2015-2020,16,28,6,399,52,No,18.13,0,1,2,R,bowler
M van Jaarsveld (SA),2002-2004,9,15,2,397,73,No,30.53,0,3,0,R,
Abdur Rehman (PAK),2007-2014,22,31,3,395,60,No,14.10,0,2,4,L,bowler
S van Zyl (SA),2014-2016,12,17,2,395,101,Yes,26.33,1,0,2,L,allrounder
FH Edwards (WI),2003-2012,55,88,28,394,30,No,6.56,0,0,19,R,bowler
BOP Fernando (SL),2019-2020,6,11,2,393,102,No,43.66,1,1,1,R,batsman
KMDN Kulasekara (SL),2005-2014,21,28,1,391,64,No,14.48,0,1,4,R,bowler
ARC Fraser (ENG),1989-1998,46,67,15,388,32,No,7.46,0,0,9,R,
CO Browne (WI),1995-2005,20,30,6,387,68,No,16.12,0,1,7,R,wicketkeeper batsman
VC Drakes (WI),2002-2004,12,20,2,386,67,No,21.44,0,1,2,R,
MS Harris (AUS),2018-2019,9,17,1,385,79,No,24.06,0,2,0,L,opening batsman
J Mubarak (SL),2002-2015,13,23,1,385,49,No,17.50,0,0,5,L,
Tapash Baisya (BDESH),2002-2005,21,40,6,384,66,No,11.29,0,2,9,R,
JD Campbell (WI),2019-2020,9,18,3,382,55,No,25.46,0,1,2,L,opening batsman
LK Germon (NZ),1995-1997,12,21,3,382,55,No,21.22,0,1,3,R,
JS Patel (NZ),2006-2017,24,38,8,381,47,No,12.70,0,0,7,R,
RIC Holder (WI),1997-1999,11,17,2,380,91,No,25.33,0,2,1,R,
DK Morrison (NZ),1987-1997,48,71,26,379,42,No,8.42,0,0,24,R,bowler
DJ Capel (ENG),1987-1990,15,25,1,374,98,No,15.58,0,2,4,R,
KK Nair (INDIA),2016-2017,6,7,1,374,303,Yes,62.33,1,0,1,R,top-order batsman
RG Samuels (WI),1996-1997,6,12,2,372,125,No,37.20,1,1,0,L,
KDK Vithanage (SL),2013-2015,10,16,2,370,103,Yes,26.42,1,1,1,L,middle-order batsman
SSJ Brooks (WI),2019-2020,6,11,0,369,111,No,33.54,1,3,2,R,top-order batsman
NA Foster (ENG),1986-1993,20,33,5,368,39,No,13.14,0,0,7,R,
NAM McLean (WI),1998-2001,19,32,2,368,46,No,12.26,0,0,6,L,bowler
IDK Salisbury (ENG),1992-2000,15,25,3,368,50,No,16.72,0,1,4,R,
PJ Wiseman (NZ),1998-2005,25,34,8,366,36,No,14.07,0,0,5,R,bowler
PR Adams (SA),1995-2004,45,55,15,360,35,No,9.00,0,0,8,R,bowler
Danish Kaneria (PAK),2000-2010,61,84,33,360,29,No,7.05,0,0,25,R,
CMW Read (ENG),1999-2007,15,23,4,360,55,No,18.94,0,1,5,R,
PS de Villiers (SA),1993-1998,18,26,7,359,67,Yes,18.89,0,2,3,R,
PR Sleep (AUS),1986-1990,10,13,1,359,90,No,29.91,0,2,2,R,
AJ Bichel (AUS),1997-2003,19,22,1,355,71,No,16.90,0,1,3,R,bowler
BW Hilfenhaus (AUS),2009-2012,27,38,12,355,56,Yes,13.65,0,1,8,R,bowler
MN Hart (NZ),1994-1995,14,24,4,353,45,No,17.65,0,0,3,L,
SB Joshi (INDIA),1996-2000,15,19,2,352,92,No,20.70,0,1,2,L,allrounder
S Matsikenyeri (ZIM),2003-2005,8,16,1,351,57,No,23.40,0,2,0,R,
SCG MacGill (AUS),1998-2008,44,47,11,349,43,No,9.69,0,0,12,R,bowler
CR Matthews (SA),1992-1995,18,25,6,348,62,Yes,18.31,0,1,4,R,
Jahurul Islam (BDESH),2010-2013,7,14,1,347,48,No,26.69,0,0,2,R,middle-order batsman
MA Carberry (ENG),2010-2014,6,12,0,345,60,No,28.75,0,1,2,L,opening batsman
Sanwar Hossain (BDESH),2001-2003,9,18,0,345,49,No,19.16,0,0,1,R,
D Dasgupta (INDIA),2001-2002,8,13,1,344,100,No,28.66,1,2,2,R,
FA Rose (WI),1997-2000,19,28,2,344,69,No,13.23,0,1,2,R,
TM Dowlin (WI),2009-2010,6,11,0,343,95,No,31.18,0,3,0,R,batsman
CA Best (WI),1986-1990,8,13,1,342,164,No,28.50,1,1,1,R,
CFK van Wyk (NZ),2012-2012,9,17,1,341,71,No,21.31,0,1,3,R,wicketkeeper batsman
UT Yadav (INDIA),2011-2020,46,52,22,340,31,No,11.33,0,0,6,R,bowler
GJ Maxwell (AUS),2013-2017,7,14,1,339,104,No,26.07,1,0,0,R,batting allrounder
A Nel (SA),2001-2008,36,42,8,337,34,No,9.91,0,0,11,R,
Raqibul Hasan (BDESH),2008-2011,9,18,1,336,65,No,19.76,0,1,2,R,batsman
SD Robson (ENG),2014-2014,7,11,0,336,127,No,30.54,1,1,0,R,opening batsman
R Rampaul (WI),2009-2012,18,31,8,335,40,Yes,14.56,0,0,6,L,bowler
MH Dekker (ZIM),1993-1996,14,22,1,333,68,Yes,15.85,0,2,4,L,
RA Harper (WI),1986-1993,11,15,1,332,74,No,23.71,0,3,0,R,bowler
HA Gomes (WI),1986-1987,11,16,1,330,56,No,22.00,0,1,1,L,
Wajahatullah Wasti (PAK),1999-2000,6,10,1,329,133,No,36.55,2,0,0,R,
AJ Redmond (NZ),2008-2013,8,16,1,325,83,No,21.66,0,2,1,R,top-order batsman
Sohag Gazi (BDESH),2012-2014,10,16,1,325,101,Yes,21.66,1,0,3,R,bowler
A Mukund (INDIA),2011-2017,7,14,0,320,81,No,22.85,0,2,3,L,top-order batsman
DR Smith (WI),2004-2006,10,14,1,320,105,Yes,24.61,1,0,4,R,allrounder
OAC Banks (WI),2003-2005,10,16,4,318,50,Yes,26.50,0,1,1,R,allrounder
W Larkins (ENG),1990-1991,7,14,1,317,64,No,24.38,0,3,4,R,
RJ Sidebottom (ENG),2001-2010,22,31,11,313,31,No,15.65,0,0,3,L,
JWA Taylor (ENG),2012-2016,7,13,1,312,76,No,26.00,0,2,1,R,middle-order batsman
BN French (ENG),1986-1988,16,21,4,308,59,No,18.11,0,1,2,R,
Mohammad Mithun (BDESH),2018-2020,9,16,0,308,67,No,19.25,0,2,4,R,top-order batsman
Wahab Riaz (PAK),2010-2018,27,41,5,306,39,No,8.50,0,0,9,R,bowler
DW Fleming (AUS),1994-2001,20,19,3,305,71,Yes,19.06,0,2,7,R,bowler
Shamsur Rahman (BDESH),2014-2014,6,12,0,305,106,No,25.41,1,0,1,R,opening batsman
BR Hartland (NZ),1992-1994,9,18,0,303,52,No,16.83,0,1,3,R,
DJ Murray (NZ),1994-1995,8,16,1,303,52,No,20.20,0,1,3,R,
Shadab Khan (PAK),2017-2020,6,11,2,300,56,No,33.33,0,3,0,R,allrounder
MD Gunathilaka (SL),2017-2018,8,16,0,299,61,No,18.68,0,2,0,L,allrounder
DT Tiripano (ZIM),2014-2020,10,20,5,299,49,Yes,19.93,0,0,3,R,bowler
RS Kalpage (SL),1993-1999,11,18,2,294,63,No,18.37,0,2,0,L,
SJ Rhodes (ENG),1994-1995,11,17,5,294,65,Yes,24.50,0,1,1,R,
KD Mills (NZ),2004-2009,19,30,5,289,57,No,11.56,0,1,5,R,bowler
Zahid Fazal (PAK),1990-1995,9,16,0,288,78,No,18.00,0,1,0,R,
DNT Zoysa (SL),1997-2004,30,40,6,288,28,Yes,8.47,0,0,9,L,
CJ Richards (ENG),1986-1988,8,13,0,285,133,No,21.92,1,0,2,R,
S Sreesanth (INDIA),2006-2011,27,40,13,281,35,No,10.40,0,0,10,R,bowler
ST Finn (ENG),2010-2016,36,47,22,279,56,No,11.16,0,1,9,R,bowler
PA Wallace (WI),1997-1999,7,13,0,279,92,No,21.46,0,2,1,R,
LMP Simmons (WI),2009-2011,8,16,0,278,49,No,17.37,0,0,1,R,top-order batsman
SL Malinga (SL),2004-2010,30,37,13,275,64,No,11.45,0,1,9,R,bowler
Shadman Islam (BDESH),2018-2019,6,11,0,275,76,No,25.00,0,1,2,L,opening batsman
OA Shah (ENG),2006-2009,6,10,0,269,88,No,26.90,0,2,0,R,batsman
Khaled Mahmud (BDESH),2001-2003,12,23,1,266,45,No,12.09,0,0,4,R,
S Shillingford (WI),2010-2014,16,26,6,266,53,Yes,13.30,0,1,7,R,bowler
Tauseef Ahmed (PAK),1986-1993,23,30,16,266,35,Yes,19.00,0,0,5,R,
A Lyth (ENG),2015-2015,7,13,0,265,107,No,20.38,1,0,1,L,batsman
Rubel Hossain (BDESH),2009-2020,27,47,19,265,45,Yes,9.46,0,0,7,R,bowler
GM Wood (AUS),1988-1988,6,11,1,265,111,No,26.50,1,0,1,L,
GC Small (ENG),1986-1991,17,24,7,263,59,No,15.47,0,1,4,R,
Z Crawley (ENG),2019-2020,6,10,0,261,76,No,26.10,0,2,1,R,top-order batsman
Mohammad Rizwan (PAK),2016-2020,7,11,2,261,95,No,29.00,0,1,2,R,wicketkeeper batsman
RW Price (ZIM),1999-2013,22,38,8,261,36,No,8.70,0,0,6,R,bowler
RG Hart (NZ),2002-2003,11,19,3,260,57,Yes,16.25,0,1,4,R,
Akram Khan (BDESH),2000-2003,8,16,0,259,44,No,16.18,0,0,0,R,
Arshad Ayub (INDIA),1987-1989,13,19,4,257,57,No,17.13,0,1,1,R,
Manjural Islam Rana (BDESH),2004-2004,6,11,1,257,69,No,25.70,0,1,2,L,
BB Chari (ZIM),2014-2018,7,14,0,254,80,No,18.14,0,2,2,R,opening batsman
Sohail Khan (PAK),2009-2016,9,12,2,252,65,No,25.20,0,1,0,R,bowler
CRD Fernando (SL),2000-2012,40,47,17,249,39,Yes,8.30,0,0,8,R,bowler
Abdur Razzak (BDESH),2006-2018,13,22,6,248,43,No,15.50,0,0,1,L,bowler
SR Clark (AUS),2006-2009,24,26,7,248,39,No,13.05,0,0,5,R,bowler
MHW Papps (NZ),2004-2007,8,16,1,246,86,No,16.40,0,2,4,R,opening batsman
RJ Ratnayake (SL),1986-1992,13,20,4,246,52,No,15.37,0,1,4,R,
TJ Zoehrer (AUS),1986-1987,10,14,2,246,52,Yes,20.50,0,1,0,R,
Shuvagata Hom (BDESH),2014-2016,8,15,4,244,50,No,22.18,0,1,3,R,batting allrounder
XM Marshall (WI),2005-2009,7,12,0,243,85,No,20.25,0,2,1,R,opening batsman
Mehrab Hossain jnr (BDESH),2007-2009,7,13,1,243,83,No,20.25,0,1,1,L,batsman
D Williams (WI),1992-1998,11,19,1,242,65,No,13.44,0,1,7,R,
Mehrab Hossain (BDESH),2000-2003,9,18,0,241,71,No,13.38,0,1,2,R,
SLV Raju (INDIA),1990-2001,28,34,10,240,31,No,10.00,0,0,3,R,bowler
Naved-ul-Hasan (PAK),2004-2007,9,15,3,239,42,Yes,19.91,0,0,2,R,
LRD Mendis (SL),1986-1988,8,12,0,238,58,No,19.83,0,2,0,R,
LE Plunkett (ENG),2005-2014,13,20,5,238,55,Yes,15.86,0,1,7,R,bowler
DE Malcolm (ENG),1989-1997,40,58,19,236,29,No,6.05,0,0,16,R,
PT Collins (WI),1999-2006,32,47,7,235,24,No,5.87,0,0,14,R,bowler
Hasan Raza (PAK),1996-2005,7,10,1,235,68,No,26.11,0,2,1,R,
Rizwan-uz-Zaman (PAK),1986-1989,8,13,1,233,60,No,19.41,0,3,1,R,
Mushfiqur Rahman (BDESH),2001-2004,10,19,2,232,46,Yes,13.64,0,0,5,R,
AJ Tudor (ENG),1998-2002,10,16,4,229,99,Yes,19.08,0,1,2,R,
JS Foster (ENG),2001-2002,7,12,3,226,48,No,25.11,0,0,1,R,
TBA May (AUS),1987-1995,24,28,12,225,42,Yes,14.06,0,0,3,R,
MJ Henry (NZ),2015-2020,12,16,4,224,66,No,18.66,0,1,2,R,bowler
PH Edmonds (ENG),1986-1987,18,26,9,223,24,Yes,13.11,0,0,4,R,
C Sharma (INDIA),1986-1989,14,15,3,223,30,No,18.58,0,0,2,R,
KCG Benjamin (WI),1992-1998,26,36,8,222,43,Yes,7.92,0,0,8,R,
MJ Leach (ENG),2018-2019,10,18,6,220,92,No,18.33,0,1,2,L,bowler
MS Panesar (ENG),2006-2013,50,68,23,220,26,No,4.88,0,0,20,L,bowler
NH Fairbrother (ENG),1987-1993,10,15,1,219,83,No,15.64,0,1,1,L,middle-order batsman
IE O'Brien (NZ),2005-2009,22,34,5,219,31,No,7.55,0,0,8,R,
JAH Marshall (NZ),2005-2008,7,11,0,218,52,No,19.81,0,1,2,R,batsman
UWMBCA Welegedara (SL),2007-2014,21,30,6,218,48,No,9.08,0,0,4,R,bowler
R Mutumbami (ZIM),2013-2014,6,12,1,217,43,No,19.72,0,0,1,R,wicketkeeper batsman
BAW Mendis (SL),2008-2014,19,19,6,213,78,No,16.38,0,1,2,R,bowler
DP Samaraweera (SL),1993-1995,7,14,0,211,42,No,15.07,0,0,1,R,
Shafiul Islam (BDESH),2010-2017,11,21,1,211,53,No,10.55,0,1,2,R,bowler
MA Ealham (ENG),1996-1998,8,13,3,210,53,Yes,21.00,0,2,0,R,allrounder
Naimur Rahman (BDESH),2000-2002,8,15,1,210,48,No,15.00,0,0,1,R,allrounder
PR Downton (ENG),1986-1988,9,17,2,209,29,No,13.93,0,0,0,R,
MRJ Veletta (AUS),1987-1990,8,11,0,207,39,No,18.81,0,0,0,R,
SP Jones (ENG),2002-2005,18,18,5,205,44,No,15.76,0,0,3,L,
ST Gabriel (WI),2012-2020,48,71,27,204,20,Yes,4.63,0,0,18,R,bowler
NLTC Perera (SL),2011-2012,6,10,0,203,75,No,20.30,0,1,0,L,bowling allrounder
BKV Prasad (INDIA),1996-2001,33,47,20,203,30,Yes,7.51,0,0,10,R,bowler
AIC Dodemaide (AUS),1987-1992,10,15,6,202,50,No,22.44,0,1,0,R,
T Panyangara (ZIM),2004-2014,9,18,6,201,40,Yes,16.75,0,0,2,R,bowler
JTC Vaughan (NZ),1992-1997,6,12,1,201,44,No,18.27,0,0,0,L,
CD Collymore (WI),1999-2007,30,52,27,197,16,Yes,7.88,0,0,11,R,bowler
DM Bess (ENG),2018-2020,8,12,4,196,57,No,24.50,0,1,2,R,bowling allrounder
PB Dassanayake (SL),1993-1994,11,17,2,196,36,No,13.06,0,0,3,R,
STR Binny (INDIA),2014-2015,6,10,1,194,78,No,21.55,0,1,2,R,allrounder
Shahid Nazir (PAK),1996-2007,15,19,3,194,40,No,12.12,0,0,3,R,
RMS Eranga (SL),2011-2016,19,26,11,193,45,Yes,12.86,0,0,4,R,bowler
GR Dilley (ENG),1986-1989,23,30,11,191,28,No,10.05,0,0,4,L,
ML Nkala (ZIM),2000-2005,10,15,2,187,47,No,14.38,0,0,4,R,
DW Headley (ENG),1997-1999,15,26,4,186,31,No,8.45,0,0,3,R,
GB Hogg (AUS),1996-2008,7,10,3,186,79,No,26.57,0,1,0,L,allrounder
EE Hemmings (ENG),1987-1991,11,11,3,185,51,No,23.12,0,1,3,R,
EAR de Silva (SL),1986-1991,9,15,3,184,50,No,15.33,0,1,3,L,
HK Olonga (ZIM),1995-2002,30,45,11,184,24,No,5.41,0,0,14,R,
DA Gunawardene (SL),1999-2005,6,11,0,181,43,No,16.45,0,0,1,L,
Enamul Haque (BDESH),2001-2003,10,19,4,180,24,Yes,12.00,0,0,3,L,
CJ Jordan (ENG),2014-2015,8,11,1,180,35,No,18.00,0,0,0,R,bowler
MC Snedden (NZ),1987-1990,14,18,6,180,33,Yes,15.00,0,0,5,L,
C Pringle (NZ),1990-1995,14,21,4,175,30,No,10.29,0,0,7,R,
S Wettimuny (SL),1986-1987,6,11,0,175,79,No,15.90,0,1,2,R,
CR Miller (AUS),1998-2001,18,24,3,174,43,No,8.28,0,0,7,R,
BA Edgar (NZ),1986-1986,6,10,1,172,83,No,19.11,0,1,1,L,
Mansoor Akhtar (PAK),1987-1990,6,7,0,171,75,No,24.42,0,1,0,R,
Iqbal Qasim (PAK),1987-1988,9,11,1,169,28,No,16.90,0,0,1,L,
SE Bond (NZ),2001-2009,18,20,7,168,41,Yes,12.92,0,0,1,R,bowler
SW Ambris (WI),2017-2018,6,12,1,166,43,No,15.09,0,0,2,R,opening batsman
KR Pushpakumara (SL),1994-2001,23,31,12,166,44,No,8.73,0,0,5,R,
ML Su'a (NZ),1992-1995,13,18,5,165,44,No,12.69,0,0,5,L,
A Ratra (INDIA),2002-2002,6,10,1,163,115,Yes,18.11,1,0,1,R,
EJ Gray (NZ),1986-1988,6,8,0,162,50,No,20.25,0,1,0,R,
GF Labrooy (SL),1986-1991,9,14,3,158,70,Yes,14.36,0,1,3,R,
Qasim Umar (PAK),1986-1986,6,10,1,156,52,No,17.33,0,1,0,R,
RMH Binny (INDIA),1986-1987,6,8,2,155,52,Yes,25.83,0,1,0,R,
Hasan Ali (PAK),2017-2019,9,15,5,155,29,No,15.50,0,0,3,R,bowler
Akram Raza (PAK),1989-1995,9,12,2,153,32,No,15.30,0,0,3,R,
PCR Tufnell (ENG),1990-2001,42,59,29,153,22,Yes,5.10,0,0,15,R,
GF Lawson (AUS),1986-1989,10,9,2,151,74,No,21.57,0,1,0,R,
SR Patel (ENG),2012-2015,6,9,0,151,42,No,16.77,0,0,2,R,allrounder
GJ Batty (ENG),2003-2016,9,12,2,149,38,No,14.90,0,0,2,R,
P Kumar (INDIA),2011-2011,6,10,0,149,40,No,14.90,0,0,2,R,bowler
S Randiv (SL),2010-2012,12,17,1,147,39,No,9.18,0,0,3,R,bowler
NB Mahwire (ZIM),2002-2005,10,17,6,147,50,Yes,13.36,0,1,2,R,bowler
BP Patterson (WI),1986-1992,28,38,16,145,21,Yes,6.59,0,0,8,R,
Zulfiqar Babar (PAK),2013-2016,15,18,9,144,56,No,16.00,0,1,2,R,bowler
AS Joseph (WI),2016-2020,11,18,0,143,34,No,7.94,0,0,5,R,bowler
CPH Ramanayake (SL),1988-1993,18,24,9,143,34,Yes,9.53,0,0,7,R,
JA Warrican (WI),2015-2019,8,14,9,142,41,No,28.40,0,0,1,R,bowler
SS Dighe (INDIA),2001-2001,6,10,1,141,47,No,15.66,0,0,1,R,
Mohammad Asif (PAK),2005-2010,23,38,13,141,29,No,5.64,0,0,14,L,bowler
JC Archer (ENG),2019-2020,10,16,0,139,30,No,8.68,0,0,1,R,bowler
TV Hohns (AUS),1989-1989,7,7,1,136,40,No,22.66,0,0,1,L,bowler
Rahat Ali (PAK),2013-2018,21,31,13,136,35,Yes,7.55,0,0,8,R,bowler
A Dananjaya (SL),2018-2019,6,10,2,135,43,Yes,16.87,0,0,3,L,allrounder
N Pradeep (SL),2011-2017,28,50,17,132,17,Yes,4.00,0,0,18,R,bowler
TCB Fernando (SL),2001-2002,9,8,3,132,45,No,26.40,0,0,1,R,allrounder
PW Jarvis (ENG),1988-1993,9,15,2,132,29,Yes,10.15,0,0,1,R,
GC Dyer (AUS),1986-1988,6,6,0,131,60,No,21.83,0,1,1,R,
DL Piedt (SA),2014-2019,9,12,1,131,56,No,11.90,0,1,2,R,bowler
V Rathour (INDIA),1996-1997,6,10,0,131,44,No,13.10,0,0,0,R,
Imran Tahir (SA),2011-2015,20,23,9,130,29,Yes,9.28,0,0,2,R,bowler
RK Illingworth (ENG),1991-1995,9,14,7,128,28,No,18.28,0,0,3,R,bowler
KM Jarvis (ZIM),2011-2020,13,24,10,128,25,Yes,9.14,0,0,4,R,bowler
BP Julian (AUS),1993-1995,7,9,1,128,56,Yes,16.00,0,1,3,R,allrounder
GR Larsen (NZ),1994-1996,8,13,4,127,26,Yes,14.11,0,0,2,R,bowler
AD Mullally (ENG),1996-2001,19,27,4,127,24,No,5.52,0,0,12,R,bowler
HMCM Bandara (SL),1998-2006,8,11,3,124,43,No,15.50,0,0,2,R,
CS Martin (NZ),2000-2013,71,104,52,123,12,Yes,2.36,0,0,36,R,bowler
BA Murphy (ZIM),2000-2001,11,15,3,123,30,No,10.25,0,0,3,R,
Junaid Khan (PAK),2011-2015,22,28,11,122,17,No,7.17,0,0,5,R,bowler
Mohammad Sharif (BDESH),2001-2007,10,20,3,122,24,Yes,7.17,0,0,7,R,
EA Brandes (ZIM),1992-1999,10,15,3,121,39,No,10.08,0,0,2,R,
PADLR Sandakan (SL),2016-2018,11,17,6,117,25,No,10.63,0,0,0,R,bowler
RP Singh (INDIA),2006-2011,14,19,3,116,30,No,7.25,0,0,7,R,bowler
DH Brain (ZIM),1992-1995,9,13,2,115,28,No,10.45,0,0,4,R,
PJ Martin (ENG),1995-1997,8,13,0,115,29,No,8.84,0,0,2,R,bowler
ML Cummins (WI),2016-2019,14,22,7,114,24,Yes,7.60,0,0,6,L,bowler
RKJ Dawson (ENG),2001-2003,7,13,3,114,19,Yes,11.40,0,0,0,R,
AR Whittall (ZIM),1996-1999,10,18,3,114,17,No,7.60,0,0,1,R,
CT Tremlett (ENG),2007-2013,12,15,4,113,25,Yes,10.27,0,0,3,R,bowler
FL Reifer (WI),1997-2009,6,12,0,111,29,No,9.25,0,0,3,L,batsman
PHT Kaushal (SL),2014-2015,7,12,2,106,18,No,10.60,0,0,1,R,bowler
MSK Prasad (INDIA),1999-2000,6,10,1,106,19,No,11.77,0,0,0,R,
D Ramnarine (WI),1998-2002,12,21,4,106,35,Yes,6.23,0,0,8,L,
GE Bradburn (NZ),1990-2001,7,10,2,105,30,Yes,13.12,0,0,1,R,
CB Mpofu (ZIM),2005-2017,15,28,10,105,33,No,5.83,0,0,9,R,bowler
SB O'Connor (NZ),1997-2001,19,27,9,103,20,No,5.72,0,0,4,L,
Aaqib Javed (PAK),1989-1998,22,27,7,101,28,Yes,5.05,0,0,8,R,bowler
CG Butts (WI),1986-1988,6,7,1,99,38,No,16.50,0,0,1,R,
Robiul Islam (BDESH),2010-2014,9,17,6,99,33,No,9.00,0,0,6,R,bowler
RK Chauhan (INDIA),1993-1998,21,17,3,98,23,No,7.00,0,0,1,R,
Mohsin Khan (PAK),1986-1986,6,10,0,98,40,No,9.80,0,0,1,R,
V Permaul (WI),2012-2015,6,9,1,98,23,Yes,12.25,0,0,3,R,bowler
Mohammad Abbas (PAK),2017-2020,19,27,13,97,29,No,6.92,0,0,4,R,bowler
KJ Abbott (SA),2013-2017,11,14,0,95,17,No,6.78,0,0,4,R,bowler
T Thushara (SL),2003-2010,10,14,3,94,15,Yes,8.54,0,0,3,L,bowler
DJ Vilas (SA),2015-2016,6,9,0,94,26,No,10.44,0,0,0,R,wicketkeeper batsman
MRCN Bandaratilleke (SL),1998-2001,7,9,1,93,25,No,11.62,0,0,1,R,
SD Anurasiri (SL),1986-1998,18,22,5,91,24,No,5.35,0,0,3,R,
CE Eksteen (SA),1993-2000,7,11,2,91,22,No,10.11,0,0,1,R,
TM Alderman (AUS),1988-1991,19,20,7,90,26,Yes,6.92,0,0,5,R,
Al-Amin Hossain (BDESH),2013-2019,7,11,7,90,32,Yes,22.50,0,0,0,R,bowler
TL Chatara (ZIM),2013-2018,9,16,2,90,22,No,6.42,0,0,5,R,bowler
A Nortje (SA),2019-2020,6,12,3,89,40,No,9.88,0,0,1,R,bowler
PP Ojha (INDIA),2009-2013,24,27,17,89,18,Yes,8.90,0,0,4,L,bowler
RJ Bright (AUS),1986-1986,6,8,2,88,30,No,14.66,0,0,1,R,bowler
M Kartik (INDIA),2000-2004,8,10,1,88,43,No,9.77,0,0,2,L,bowler
Shabbir Ahmed (PAK),2003-2005,10,15,5,88,24,Yes,8.80,0,0,4,R,
SNJ O'Keefe (AUS),2014-2017,9,13,4,86,25,No,9.55,0,0,2,R,allrounder
DT Hondo (ZIM),2001-2005,9,15,6,83,19,No,9.22,0,0,1,R,
M Zondeki (SA),2003-2008,6,5,0,82,59,No,16.40,0,1,1,R,
SI Mahmood (ENG),2006-2007,8,11,1,81,34,No,8.10,0,0,3,R,
Manjural Islam (BDESH),2001-2004,17,33,11,81,21,No,3.68,0,0,10,L,
NGB Cook (ENG),1987-1989,6,10,3,78,31,No,11.14,0,0,0,R,
A Nehra (INDIA),1999-2004,17,25,11,77,19,No,5.50,0,0,10,R,bowler
BA Reid (AUS),1986-1992,25,31,14,77,8,Yes,4.52,0,0,6,L,bowler
Ata-ur-Rehman (PAK),1992-1996,13,15,6,76,19,No,8.44,0,0,3,R,bowler
IG Butler (NZ),2002-2004,8,10,2,76,26,No,9.50,0,0,2,R,
AG Huckle (ZIM),1997-1998,8,14,3,74,28,Yes,6.72,0,0,7,R,
A Sanford (WI),2002-2004,11,17,2,72,18,Yes,4.80,0,0,2,R,
PVD Chameera (SL),2015-2019,8,15,2,69,19,No,5.30,0,0,4,R,bowler
DK Liyanage (SL),1992-2001,9,9,0,69,23,No,7.66,0,0,1,L,
WD Parnell (SA),2010-2017,6,4,0,67,23,No,16.75,0,0,0,L,bowler
PM Such (ENG),1993-1999,11,16,5,67,14,Yes,6.09,0,0,3,R,
M Hayward (SA),1999-2004,16,17,8,66,14,No,7.33,0,0,3,R,
RD King (WI),1999-2005,19,27,8,66,12,Yes,3.47,0,0,7,R,
A Kuruvilla (INDIA),1997-1997,10,11,1,66,35,Yes,6.60,0,0,5,R,
KSC de Silva (SL),1997-1999,8,12,5,65,27,No,9.28,0,0,2,L,
CW Henderson (SA),2001-2002,7,7,0,65,30,No,9.28,0,0,1,R,
MR Whitney (AUS),1987-1992,10,15,8,64,13,No,9.14,0,0,1,R,
J Garner (WI),1986-1987,7,8,1,63,24,No,9.00,0,0,3,R,
MM Patel (INDIA),2006-2011,13,14,6,60,15,Yes,7.50,0,0,4,R,bowler
W Watson (NZ),1986-1993,15,18,6,60,11,No,5.00,0,0,3,R,bowler
Enamul Haque jnr (BDESH),2003-2013,15,26,16,59,13,No,5.90,0,0,4,R,
CE Cuffy (WI),1994-2002,15,23,9,58,15,No,4.14,0,0,6,R,
L Embuldeniya (SL),2019-2020,7,9,0,56,24,No,6.22,0,0,3,L,bowler
Mustafizur Rahman (BDESH),2015-2019,13,19,6,56,16,No,4.30,0,0,7,L,bowler
DE Bollinger (AUS),2009-2010,12,14,7,54,21,No,7.71,0,0,3,L,bowler
MVT Fernando (SL),2016-2020,8,12,6,54,38,No,9.00,0,0,5,R,bowler
ND Hirwani (INDIA),1988-1996,17,22,12,54,17,No,5.40,0,0,5,R,
AY Patel (NZ),2018-2020,8,10,3,53,14,No,7.57,0,0,1,L,bowler
Shaheen Shah Afridi (PAK),2018-2020,9,14,3,53,14,No,4.81,0,0,3,L,bowler
CBRLS Kumara (SL),2016-2020,21,28,14,52,10,No,3.71,0,0,9,L,bowler
JJC Lawson (WI),2002-2005,13,21,6,52,14,No,3.46,0,0,6,R,bowler
Talha Jubair (BDESH),2002-2004,7,14,6,52,31,No,6.50,0,0,6,R,
L Balaji (INDIA),2003-2005,8,9,0,51,31,No,5.66,0,0,4,R,bowler
EJ Chatfield (NZ),1986-1989,18,21,12,51,14,No,5.66,0,0,5,R,
Kamrul Islam Rabbi (BDESH),2016-2018,7,14,5,51,25,Yes,5.66,0,0,5,R,
Kuldeep Yadav (INDIA),2017-2019,6,6,0,51,26,No,8.50,0,0,2,L,bowler
RG de Alwis (SL),1986-1988,6,9,0,50,18,No,5.55,0,0,4,R,
NS Yadav (INDIA),1986-1987,10,8,2,48,19,No,8.00,0,0,2,R,
BJ Arnel (NZ),2010-2012,6,12,4,45,8,Yes,5.62,0,0,3,R,bowler
JM Bird (AUS),2012-2017,9,9,6,43,19,Yes,14.33,0,0,1,R,bowler
Saleem Jaffar (PAK),1986-1992,14,14,6,42,10,Yes,5.25,0,0,4,R,
SP Narine (WI),2012-2013,6,7,2,40,22,Yes,8.00,0,0,1,L,bowling allrounder
KPJ Warnaweera (SL),1986-1994,10,12,3,39,20,No,4.33,0,0,3,L,
Maninder Singh (INDIA),1986-1993,20,20,6,38,8,No,2.71,0,0,7,R,
CG Rackemann (AUS),1989-1991,7,9,4,37,15,Yes,7.40,0,0,2,R,
Syed Rasel (BDESH),2005-2007,6,12,4,37,19,No,4.62,0,0,2,L,
VR Aaron (INDIA),2011-2015,9,14,5,35,9,No,3.88,0,0,1,R,bowler
M Mbangwa (ZIM),1996-2000,15,25,8,34,8,No,2.00,0,0,9,R,
Mohsin Kamal (PAK),1986-1994,7,9,6,33,13,Yes,11.00,0,0,0,R,
PDRL Perera (SL),1999-2002,8,9,6,33,11,Yes,11.00,0,0,1,L,bowler
JJ Bumrah (INDIA),2018-2020,14,21,10,32,10,Yes,2.90,0,0,6,R,bowler
Aamer Nazir (PAK),1993-1995,6,11,6,31,11,No,6.20,0,0,2,R,
Arshad Khan (PAK),1997-2005,9,8,2,31,9,Yes,5.16,0,0,1,R,
G Onions (ENG),2009-2012,9,10,7,30,17,Yes,10.00,0,0,3,R,bowler
CEW Silverwood (ENG),1996-2002,6,7,3,29,10,No,7.25,0,0,2,R,
Abu Jayed (BDESH),2018-2020,9,16,6,27,7,Yes,2.70,0,0,5,R,bowler
GI Allott (NZ),1996-1999,10,15,7,27,8,Yes,3.37,0,0,4,R,bowler
D Olivier (SA),2017-2019,10,12,5,26,10,Yes,3.71,0,0,3,R,bowler
Mohammad Akram (PAK),1995-2001,9,15,6,24,10,Yes,2.66,0,0,5,R,bowler
CEL Stuart (WI),2000-2001,6,9,2,24,12,Yes,3.42,0,0,2,R,
CAK Rajitha (SL),2018-2020,8,10,2,23,12,No,2.87,0,0,2,R,bowler
MI Black (WI),2000-2002,6,11,3,21,6,No,2.62,0,0,4,R,
Imran Khan (PAK),2014-2019,10,10,3,16,6,No,2.28,0,0,5,R,bowler
CK Langeveldt (SA),2005-2006,6,4,2,16,10,No,8.00,0,0,1,R,bowler
MB Owens (NZ),1992-1994,8,12,6,16,8,Yes,2.66,0,0,5,R,
DJ Terbrugge (SA),1998-2004,7,8,5,16,4,Yes,5.33,0,0,2,R,
Jubair Hossain (BDESH),2014-2015,6,5,2,13,7,Yes,4.33,0,0,1,R,bowler
BT Watambwa (ZIM),2001-2002,6,8,5,11,4,Yes,3.66,0,0,2,R,
BN Schultz (SA),1992-1997,9,8,2,9,6,No,1.50,0,0,3,L,
KJ Silva (SL),1995-1998,7,4,1,6,6,Yes,2.00,0,0,3,R,bowler
Ebadat Hossain (BDESH),2019-2020,6,10,4,4,2,No,0.66,0,0,3,R,bowler
